BLACK,,
H,S,L
5,20,14
5,20,25
5,20,35
5,40,14
5,60,14
5,80,14
5,100,14
10,20,14
10,20,25
10,20,35
10,40,14
10,60,14
10,80,14
10,100,14
15,20,14
15,20,25
15,20,35
15,40,14
15,60,14
15,80,14
15,100,14
20,20,14
20,20,25
20,20,35
20,40,14
20,60,14
20,80,14
20,100,14
25,20,14
25,20,25
25,20,35
25,40,14
25,60,14
25,80,14
25,100,14
30,20,14
30,20,25
30,20,35
30,40,14
30,60,14
30,80,14
30,100,14
35,20,14
35,20,25
35,20,35
35,40,14
35,60,14
35,80,14
35,100,14
40,20,14
40,20,25
40,20,35
40,40,14
40,60,14
40,80,14
40,100,14
45,20,14
45,20,25
45,20,35
45,40,14
45,40,25
45,60,14
45,80,14
45,100,14
50,20,14
50,20,25
50,20,35
50,40,14
50,40,25
50,60,14
50,80,14
50,100,14
55,20,14
55,20,25
55,20,35
55,40,14
55,40,25
55,60,14
55,80,14
55,100,14
60,20,14
60,20,25
60,20,35
60,40,14
60,60,14
60,80,14
60,100,14
65,20,14
65,20,25
65,40,14
65,60,14
65,80,14
65,100,14
70,20,14
70,20,25
70,40,14
70,60,14
70,80,14
70,100,14
75,20,14
75,20,25
75,40,14
75,60,14
75,80,14
75,100,14
80,20,14
80,20,25
80,40,14
80,60,14
80,80,14
80,100,14
85,20,14
85,20,25
85,40,14
85,60,14
85,80,14
85,100,14
90,20,14
90,40,14
90,60,14
95,20,14
95,40,14
95,60,14
95,80,14
95,100,14
100,20,14
100,20,25
100,40,14
100,60,14
100,80,14
100,100,14
105,20,14
105,20,25
105,40,14
105,60,14
105,80,14
105,100,14
110,20,14
110,20,25
110,40,14
110,60,14
110,80,14
110,100,14
115,20,14
115,20,25
115,40,14
115,60,14
115,80,14
115,100,14
120,20,14
120,40,14
120,60,14
120,80,14
120,100,14
125,20,14
125,40,14
125,60,14
125,80,14
125,100,14
130,20,14
130,20,25
130,40,14
130,60,14
130,80,14
135,20,14
135,40,14
135,60,14
135,80,14
140,20,14
140,20,25
140,40,14
140,60,14
140,80,14
140,100,14
145,20,14
145,20,25
145,40,14
145,60,14
145,80,14
145,100,14
150,20,14
150,20,25
150,40,14
150,60,14
150,80,14
150,100,14
155,20,14
155,20,25
155,40,14
155,60,14
155,80,14
155,100,14
160,20,14
160,20,25
160,40,14
160,60,14
160,80,14
160,100,14
165,20,14
165,20,25
165,40,14
165,60,14
165,80,14
170,20,14
170,20,25
170,40,14
170,60,14
170,80,14
170,100,14
175,20,14
175,20,25
175,40,14
175,60,14
175,80,14
175,100,14
180,20,14
180,20,25
180,40,14
180,60,14
180,80,14
180,100,14
185,20,14
185,20,25
185,40,14
185,60,14
185,80,14
185,100,14
190,20,14
190,20,25
190,40,14
190,60,14
190,80,14
190,100,14
195,20,14
195,20,25
195,40,14
195,60,14
195,80,14
195,100,14
200,20,14
200,20,25
200,40,14
200,60,14
200,80,14
200,100,14
205,20,14
205,20,25
205,40,14
205,60,14
205,80,14
205,100,14
210,20,14
210,20,25
210,40,14
210,60,14
210,80,14
210,100,14
215,20,14
215,20,25
215,40,14
215,60,14
215,80,14
215,100,14
220,20,14
220,20,25
220,40,14
220,60,14
220,80,14
220,100,14
225,20,14
225,20,25
225,40,14
225,60,14
225,80,14
225,100,14
230,20,14
230,20,25
230,40,14
230,60,14
230,80,14
230,100,14
235,20,14
235,20,25
235,40,14
235,60,14
235,80,14
235,100,14
240,20,14
240,20,25
240,40,14
240,60,14
240,80,14
240,100,14
245,20,14
245,20,25
245,40,14
245,60,14
245,80,14
245,100,14
250,20,14
250,20,25
250,40,14
250,60,14
250,80,14
250,100,14
255,20,14
255,20,25
255,40,14
255,60,14
255,80,14
255,100,14
260,20,14
260,20,25
260,40,14
260,60,14
260,80,14
260,100,14
265,20,14
265,20,25
265,40,14
265,60,14
265,80,14
265,100,14
270,20,14
270,20,25
270,40,14
270,60,14
270,80,14
270,100,14
275,20,14
275,20,25
275,40,14
275,60,14
275,80,14
275,100,14
280,20,14
280,20,25
280,40,14
280,60,14
280,80,14
280,100,14
285,20,14
285,20,25
285,40,14
285,60,14
285,80,14
285,100,14
290,20,14
290,20,25
290,40,14
290,60,14
290,80,14
290,100,14
295,20,14
295,20,25
295,40,14
295,60,14
295,80,14
295,100,14
300,20,14
300,20,25
300,40,14
300,60,14
300,80,14
300,100,14
305,20,14
305,20,25
305,40,14
305,60,14
305,80,14
305,100,14
310,20,14
310,20,25
310,40,14
310,60,14
310,80,14
310,100,14
315,20,14
315,20,25
315,40,14
315,60,14
315,80,14
315,100,14
320,20,14
320,20,25
320,40,14
320,60,14
320,80,14
320,100,14
325,20,14
325,20,25
325,40,14
325,60,14
325,80,14
325,100,14
330,20,14
330,20,25
330,40,14
330,60,14
330,80,14
330,100,14
335,20,14
335,20,25
335,40,14
335,60,14
335,80,14
335,100,14
340,20,14
340,20,25
340,40,14
340,60,14
340,80,14
340,100,14
345,20,14
345,20,25
345,40,14
345,60,14
345,80,14
345,100,14
350,20,14
350,20,25
350,40,14
350,60,14
350,80,14
350,100,14
355,20,14
355,20,25
355,40,14
355,60,14
355,80,14
355,100,14
360,20,14
360,20,25
360,40,14
360,60,14
360,80,14
360,100,14
CHARCOAL + DK GREY,,
H,S,L
5,20,25
5,20,35
5,20,45
5,20,55
5,20,65
10,20,25
10,20,35
10,20,45
10,20,55
10,20,65
15,20,25
15,20,35
15,20,45
15,20,55
15,20,65
20,20,25
20,20,35
20,20,45
20,20,55
20,20,65
25,20,25
25,20,35
25,20,45
25,20,55
25,20,65
30,20,25
30,20,35
30,20,45
30,20,55
30,20,65
35,20,25
35,20,35
35,20,45
35,20,55
35,20,65
40,20,25
40,20,35
40,20,45
40,20,55
40,20,65
45,20,25
45,20,35
45,20,45
45,20,55
45,20,65
50,20,25
50,20,35
50,20,45
50,20,55
50,20,65
55,20,25
55,20,35
55,20,45
55,20,55
55,20,65
60,20,25
60,20,35
60,20,45
60,20,55
60,20,65
65,20,25
85,20,25
85,20,35
90,20,25
90,20,35
95,20,25
95,20,35
100,20,25
100,20,35
105,20,25
105,20,35
130,20,25
130,20,35
130,20,45
130,20,55
135,20,25
135,20,35
140,20,25
140,20,35
140,20,45
140,20,55
140,20,65
145,20,25
145,20,35
145,20,45
145,20,55
145,20,65
150,20,25
150,20,35
150,20,45
150,20,55
150,20,65
155,20,25
155,20,35
155,20,45
155,20,55
155,20,65
160,20,25
160,20,35
160,20,45
160,20,55
160,20,65
165,20,25
165,20,35
165,20,45
165,20,55
165,20,65
170,20,25
170,20,35
170,20,45
170,20,55
170,20,65
175,20,25
175,20,35
175,20,45
175,20,55
175,20,65
180,20,25
180,20,35
180,20,45
180,20,55
185,20,25
185,20,35
185,20,45
185,20,55
190,20,25
190,20,35
190,20,45
190,20,55
195,20,25
195,20,35
195,20,45
195,20,55
195,20,65
195,40,25
195,40,35
195,40,45
195,40,55
195,40,65
200,20,25
200,20,35
200,20,45
200,20,55
200,20,65
200,40,25
200,40,35
200,40,45
200,40,55
200,40,65
205,20,25
205,20,35
205,20,45
205,20,55
205,20,65
205,40,25
205,40,35
205,40,45
205,40,55
205,40,65
210,20,25
210,20,35
210,20,45
210,20,55
215,20,25
215,20,35
215,20,45
215,20,55
220,20,25
220,20,35
220,20,45
220,20,55
225,20,25
225,20,35
225,20,45
225,20,55
230,20,25
230,20,35
230,20,45
230,20,55
235,20,25
235,20,35
235,20,45
235,20,55
240,20,25
240,20,35
240,20,45
240,20,55
245,20,25
245,20,35
245,20,45
245,20,55
245,20,65
250,20,25
250,20,35
250,20,45
250,20,55
250,20,65
255,20,25
255,20,35
255,20,45
255,20,55
255,20,65
260,20,25
260,20,35
260,20,45
260,20,55
265,20,25
265,20,35
265,20,45
265,20,55
270,20,25
270,20,35
270,20,45
270,20,55
275,20,25
275,20,35
275,20,45
275,20,55
280,20,25
280,20,35
280,20,45
280,20,55
285,20,25
285,20,35
285,20,45
290,20,25
290,20,35
290,20,45
295,20,25
295,20,35
295,20,45
300,20,25
300,20,35
300,20,45
300,20,55
305,20,25
305,20,35
310,20,25
310,20,35
315,20,25
315,20,35
320,20,25
320,20,35
320,20,45
325,20,25
325,20,35
325,20,45
330,20,25
330,20,35
335,20,25
335,20,35
335,20,45
340,20,25
340,20,35
340,20,45
345,20,25
345,20,35
345,20,45
350,20,25
350,20,35
350,20,45
355,20,25
355,20,35
355,20,45
360,20,25
360,20,35
PEWTER + DOVE,,
H,S,L
5,20,65
5,20,75
5,20,85
5,20,95
10,20,65
10,20,75
10,20,85
10,20,95
15,20,65
15,20,75
15,20,85
15,20,95
20,20,65
20,20,75
20,20,85
20,20,95
25,20,65
25,20,75
25,20,85
25,20,95
30,20,65
30,20,75
30,20,85
30,20,95
30,40,95
35,20,65
35,20,75
35,20,85
35,20,95
35,40,95
40,20,65
40,20,75
40,20,85
40,20,95
45,20,65
45,20,75
45,20,85
45,20,95
50,20,65
50,20,75
50,20,85
50,20,95
55,20,65
55,20,75
55,20,85
55,20,95
60,20,65
60,20,75
60,20,85
60,20,95
65,20,75
65,20,85
65,20,95
70,20,75
70,20,85
70,20,95
75,20,75
75,20,85
75,20,95
80,20,75
80,20,85
80,20,95
85,20,75
85,20,85
85,20,95
90,20,75
90,20,85
95,20,75
95,20,85
95,20,95
100,20,85
100,20,95
105,20,85
105,20,95
110,20,85
110,20,95
115,20,85
115,20,95
120,20,85
120,20,95
125,20,75
125,20,85
125,20,95
130,20,65
130,20,75
130,20,85
130,20,95
135,20,65
135,20,75
135,20,85
135,20,95
140,20,65
140,20,75
140,20,85
140,20,95
145,20,65
145,20,75
145,20,85
145,20,95
150,20,65
150,20,75
150,20,85
150,20,95
155,20,65
155,20,75
155,20,85
155,20,95
160,20,65
160,20,75
160,20,85
160,20,95
165,20,65
165,20,75
165,20,85
165,20,95
170,20,65
170,20,75
170,20,85
170,20,95
175,20,65
175,20,75
175,20,85
175,20,95
180,20,65
180,20,75
180,20,85
180,20,95
185,20,65
185,20,75
185,20,85
185,20,95
190,20,65
190,20,75
190,20,85
190,20,95
195,20,65
195,20,75
195,20,85
195,20,95
195,40,75
195,40,85
195,40,95
200,20,75
200,20,85
200,20,95
200,40,75
200,40,85
200,40,95
205,20,65
205,20,75
205,20,85
205,20,95
205,40,75
205,40,85
205,40,95
205,60,65
205,60,75
205,60,85
205,60,95
210,20,65
210,20,75
210,20,85
210,20,95
210,40,75
210,40,85
210,40,95
210,60,65
210,60,75
210,60,85
210,60,95
215,20,55
215,20,65
215,20,75
215,20,85
215,20,95
215,40,65
215,40,75
215,40,85
215,40,95
220,20,55
220,20,65
220,20,75
220,20,85
220,20,95
220,40,65
220,40,75
220,40,85
220,40,95
225,20,55
225,20,65
225,20,75
225,20,85
225,20,95
225,40,65
225,40,75
225,40,85
225,40,95
225,60,85
225,60,95
230,20,65
230,20,75
230,20,85
230,20,95
230,40,75
230,40,85
230,40,95
235,20,65
235,20,75
235,20,85
235,20,95
235,40,75
235,40,85
235,40,95
240,20,65
240,20,75
240,20,85
240,20,95
245,20,65
245,20,75
245,20,85
245,20,95
250,20,65
250,20,75
250,20,85
250,20,95
255,20,65
255,20,75
255,20,85
255,20,95
260,20,65
260,20,75
260,20,85
260,20,95
265,20,65
265,20,75
265,20,85
265,20,95
270,20,65
270,20,75
270,20,85
270,20,95
275,20,65
275,20,75
275,20,85
275,20,95
280,20,75
280,20,85
280,20,95
285,20,65
285,20,75
285,20,85
285,20,95
290,20,65
290,20,75
290,20,85
290,20,95
295,20,65
295,20,75
295,20,85
295,20,95
300,20,75
300,20,85
300,20,95
305,20,75
305,20,85
305,20,95
310,20,75
310,20,85
310,20,95
315,20,75
315,20,85
315,20,95
320,20,75
320,20,85
320,20,95
325,20,65
325,20,75
325,20,85
325,20,95
330,20,65
330,20,75
330,20,85
330,20,95
335,20,65
335,20,75
335,20,85
335,20,95
340,20,75
340,20,85
340,20,95
345,20,75
345,20,85
345,20,95
350,20,75
350,20,85
350,20,95
355,20,75
355,20,85
355,20,95
360,20,75
360,20,85
360,20,95
TAUPE + GREIGE,,
H,S,L
5,20,45
5,20,55
5,20,65
5,20,75
5,20,85
5,40,65
5,40,75
5,40,85
5,40,95
10,20,45
10,20,55
10,20,65
10,20,75
10,20,85
10,40,65
10,40,75
10,40,85
10,40,95
10,60,75
10,60,85
15,20,45
15,20,55
15,20,65
15,20,75
15,20,85
15,40,65
15,40,75
15,40,85
15,40,95
15,60,75
15,60,85
20,20,45
20,20,55
20,20,65
20,20,75
20,20,85
20,40,65
20,40,75
20,40,85
20,40,95
20,60,75
20,60,85
20,60,95
25,20,45
25,20,55
25,20,65
25,20,75
25,20,85
25,40,65
25,40,75
25,40,85
25,40,95
25,60,75
25,60,85
25,60,95
30,20,45
30,20,55
30,20,65
30,20,75
30,20,85
30,40,75
30,40,85
30,40,95
35,20,45
35,20,55
35,20,65
35,20,75
35,20,85
35,40,65
35,40,75
35,40,85
35,40,95
40,20,45
40,20,55
40,20,65
40,20,75
40,20,85
40,40,65
40,40,75
40,40,85
45,20,45
45,20,55
45,20,65
45,20,75
45,20,85
45,40,65
45,40,75
45,40,85
50,20,45
50,20,55
50,20,65
50,20,75
50,20,85
50,40,65
50,40,75
50,40,85
55,20,45
55,20,55
55,20,65
55,20,75
55,20,85
55,40,65
55,40,75
55,40,85
60,20,45
60,20,55
60,20,65
60,20,75
60,20,85
60,40,65
60,40,75
60,40,85
65,20,45
65,20,55
65,20,65
65,20,75
65,20,85
65,40,65
65,40,75
65,40,85
70,20,45
70,20,55
70,20,65
70,20,75
70,20,85
70,40,75
70,40,85
75,20,45
75,20,55
75,20,65
75,20,75
75,20,85
75,40,75
75,40,85
80,20,55
80,20,65
80,20,75
80,20,85
80,40,75
80,40,85
85,20,55
85,20,65
85,20,75
85,20,85
85,40,75
85,40,85
95,20,65
95,20,75
95,20,85
95,20,95
100,20,65
100,20,75
100,20,85
100,20,95
105,20,65
105,20,75
105,20,85
105,20,95
110,20,65
110,20,75
110,20,85
115,20,65
115,20,75
115,20,85
120,20,65
120,20,75
120,20,85
125,20,65
125,20,75
125,20,85
130,20,55
130,20,65
130,20,75
130,20,85
135,20,55
135,20,65
135,20,75
135,20,85
140,20,55
140,20,65
140,20,75
140,20,85
145,20,55
145,20,65
145,20,75
145,20,85
150,20,55
150,20,65
150,20,75
150,20,85
155,20,55
155,20,65
155,20,75
155,20,85
160,20,75
160,20,85
255,20,75
255,20,85
260,20,55
260,20,65
260,20,75
260,20,85
265,20,55
265,20,65
265,20,75
265,20,85
270,20,65
270,20,75
270,20,85
275,20,45
275,20,55
275,20,65
275,20,75
275,20,85
280,20,45
280,20,55
280,20,65
280,20,75
280,20,85
285,20,45
285,20,55
285,20,65
285,20,75
285,20,85
290,20,45
290,20,55
290,20,65
290,20,75
290,20,85
295,20,45
295,20,55
295,20,65
295,20,75
295,20,85
300,20,45
300,20,55
300,20,65
300,20,75
300,20,85
305,20,75
305,20,85
310,20,35
310,20,45
310,20,55
310,20,65
310,20,75
310,20,85
315,20,35
315,20,45
315,20,55
315,20,65
315,20,75
315,20,85
320,20,35
320,20,45
320,20,55
320,20,65
320,20,75
320,20,85
325,20,35
325,20,45
325,20,55
325,20,65
325,20,75
325,20,85
330,20,35
330,20,45
330,20,55
330,20,65
330,20,75
330,20,85
335,20,35
335,20,45
335,20,55
335,20,65
335,20,75
335,20,85
340,20,35
340,20,45
340,20,55
340,20,65
340,20,75
340,20,85
345,20,35
345,20,45
345,20,55
345,20,65
345,20,75
345,20,85
350,20,35
350,20,45
350,20,55
350,20,65
350,20,75
350,20,85
355,20,35
355,20,45
355,20,55
355,20,65
355,20,75
355,20,85
360,20,35
360,20,45
360,20,55
360,20,65
360,20,75
360,20,85
360,40,75
360,40,85
360,40,95
BEIGE + TAN + CAMEL,,
H,S,L
5,40,55
5,40,65
5,40,75
5,40,85
5,40,95
10,40,55
10,40,65
10,40,75
10,40,85
10,40,95
20,40,65
20,40,75
20,40,85
20,40,95
20,60,65
20,60,75
20,60,85
20,60,95
20,80,75
20,80,85
20,80,95
20,100,85
20,100,95
25,40,65
25,40,75
25,40,85
25,40,95
25,60,65
25,60,75
25,60,85
25,60,95
25,80,75
25,80,85
25,80,95
25,100,75
25,100,85
25,100,95
30,40,55
30,40,65
30,40,75
30,40,85
30,40,95
30,60,65
30,60,75
30,60,85
30,60,95
30,80,65
30,80,75
30,80,85
30,80,95
30,100,75
30,100,85
30,100,95
35,40,55
35,40,65
35,40,75
35,40,85
35,40,95
35,60,55
35,60,65
35,60,75
35,60,85
35,60,95
35,80,65
35,80,75
35,80,85
35,80,95
35,100,75
35,100,85
35,100,95
40,40,55
40,40,65
40,40,75
40,40,85
40,40,95
40,60,55
40,60,65
40,60,75
40,60,85
40,60,95
40,80,65
40,80,75
40,80,85
40,80,95
40,100,75
40,100,85
40,100,95
45,40,55
45,40,65
45,40,75
45,40,85
45,40,95
45,60,55
45,60,65
45,60,75
45,60,85
45,60,95
45,80,65
45,80,75
45,80,85
45,80,95
45,100,75
45,100,85
45,100,95
50,40,55
50,40,65
50,40,75
50,40,85
50,40,95
50,60,65
50,60,75
50,60,85
50,60,95
50,80,75
50,80,85
50,80,95
50,100,85
50,100,95
55,40,55
55,40,65
55,40,75
55,40,85
55,40,95
55,60,65
55,60,75
55,60,85
55,60,95
55,80,75
55,80,85
55,80,95
55,100,85
55,100,95
60,40,55
60,40,65
60,40,75
60,40,85
60,40,95
60,60,65
60,60,75
60,60,85
60,60,95
60,80,75
60,80,85
60,80,95
65,40,55
65,40,65
65,40,75
65,40,85
65,40,95
65,60,65
65,60,75
65,60,85
65,60,95
65,80,75
65,80,85
65,80,95
70,40,65
70,40,75
70,40,85
70,40,95
70,60,75
70,60,85
70,60,95
70,80,85
70,80,95
75,40,65
75,40,75
75,40,85
75,40,95
75,60,75
75,60,85
75,60,95
75,80,85
75,80,95
80,40,85
80,40,95
80,60,95
85,40,95
85,60,95
SIENNA + MD BROWN,,
H,S,L
5,40,35
5,40,45
5,40,55
5,60,35
5,60,45
5,60,55
10,40,35
10,40,45
10,40,55
10,60,35
10,60,45
10,60,55
10,60,65
10,80,45
15,40,35
15,40,45
15,40,55
15,40,65
15,60,35
15,60,45
15,60,55
15,60,65
15,80,35
15,80,45
15,80,65
15,80,75
20,40,35
20,40,45
20,40,55
20,40,65
20,60,35
20,60,45
20,60,55
20,60,65
20,80,35
20,80,45
20,80,65
20,80,75
20,100,35
25,40,35
25,40,45
25,40,55
25,40,65
25,60,35
25,60,45
25,60,55
25,60,65
25,80,35
25,80,45
25,80,65
25,100,35
25,100,45
30,40,35
30,40,45
30,40,55
30,60,35
30,60,45
30,60,55
30,60,65
30,80,35
30,80,45
30,100,35
30,100,45
35,40,35
35,40,45
35,40,55
35,60,35
35,60,45
35,60,55
35,60,65
35,80,35
35,80,45
35,100,35
35,100,45
40,40,35
40,40,45
40,40,55
40,60,35
40,60,45
40,60,55
40,80,35
40,80,45
40,100,35
40,100,45
45,60,35
45,80,35
45,80,45
45,100,35
45,100,45
ESPRESSO+CHOC,,
H,S,L
5,40,25
5,40,35
5,40,45
5,60,25
5,60,35
10,40,25
10,40,35
10,40,45
10,60,25
10,60,35
10,80,25
10,100,25
15,40,25
15,40,35
15,40,45
15,60,25
15,60,35
15,80,25
15,100,25
20,40,25
20,40,35
20,40,45
20,60,25
20,60,35
20,80,25
20,100,25
25,40,25
25,40,35
25,60,25
25,60,35
25,80,25
25,80,35
25,100,25
30,40,25
30,40,35
30,60,25
30,60,35
30,80,25
30,80,35
30,100,25
35,40,25
35,40,35
35,60,25
35,60,35
35,80,25
35,80,35
35,100,25
40,40,25
40,40,35
40,60,25
40,60,35
40,80,25
40,100,25
45,60,25
45,80,25
45,100,25
50,100,25
55,100,25
355,40,25
355,40,35
355,60,25
355,60,35
355,80,25
355,100,25
360,40,25
360,40,35
360,60,25
360,60,35
360,80,25
360,100,25
WHITE+IVORY+CRM,,
H,S,L
0-360,0-20,96-97
0-360,0-60,98-98
0-360,0-100,99-100
35,60,95
35,80,95
35,100,95
40,40,95
40,60,95
40,80,95
40,100,95
45,40,95
45,60,95
45,80,95
45,100,95
50,40,95
50,60,95
50,80,95
50,100,95
55,40,95
55,60,95
55,80,95
55,100,95
60,40,95
60,60,95
60,80,95
60,100,95
65,40,95
65,60,95
65,80,95
65,100,95
70,40,95
70,60,95
70,80,95
70,100,95
75,40,95
75,60,95
75,80,95
75,100,95
80,40,95
80,60,95
80,80,95
85,40,95
85,60,95
85,80,95
90,20,95
POPPY+TOMATO,,
H,S,L
5,80,45
5,80,55
5,80,65
5,100,45
5,100,55
5,100,65
10,80,55
10,100,45
10,100,55
10,100,65
15,100,45
15,100,55
20,100,45
20,100,55
345,100,55
350,100,55
355,80,55
355,100,45
355,100,55
355,100,65
360,80,55
360,100,45
360,100,55
360,100,65
MAROON+BURGUNDY,,
H,S,L
5,80,25
5,80,35
5,80,45
5,100,25
5,100,35
10,80,25
10,80,35
10,80,45
10,100,25
10,100,35
15,100,25
15,100,35
20,100,25
325,80,25
325,80,35
325,80,45
325,100,25
325,100,35
330,80,25
330,80,35
330,80,45
330,100,25
330,100,35
335,40,35
335,40,45
335,40,55
335,60,25
335,60,35
335,60,45
335,80,25
335,80,35
335,80,45
335,100,25
335,100,35
335,100,45
340,40,35
340,40,45
340,40,55
340,60,25
340,60,35
340,60,45
340,80,25
340,80,35
340,80,45
340,100,25
340,100,35
340,100,45
345,40,25
345,40,35
345,40,45
345,40,55
345,60,25
345,60,35
345,60,45
345,60,55
345,80,25
345,80,35
345,80,45
345,80,55
345,100,25
345,100,35
345,100,45
350,40,25
350,40,35
350,40,45
350,40,55
350,60,25
350,60,35
350,60,45
350,60,55
350,80,25
350,80,35
350,80,45
350,80,55
350,100,25
350,100,35
350,100,45
355,40,25
355,40,35
355,40,45
355,40,55
355,60,25
355,60,35
355,60,45
355,60,55
355,80,25
355,80,35
355,80,45
355,80,55
355,100,25
355,100,35
355,100,45
360,40,35
360,40,45
360,60,25
360,60,35
360,60,45
360,60,55
360,80,25
360,80,35
360,80,45
360,100,25
360,100,35
BRICK+SPICE,,
H,S,L
5,40,45
5,40,55
5,40,95
5,60,35
5,60,45
5,60,55
5,60,65
5,60,95
5,80,35
5,80,45
5,80,55
5,80,65
5,80,75
5,80,95
5,100,35
5,100,45
5,100,95
10,40,45
10,40,55
10,40,95
10,60,35
10,60,45
10,60,55
10,60,65
10,60,95
10,80,35
10,80,45
10,80,55
10,80,65
10,80,95
10,100,35
10,100,45
10,100,95
15,80,35
15,80,45
15,80,95
15,100,35
15,100,45
15,100,95
20,80,35
20,80,45
20,80,95
20,100,35
20,100,45
20,100,95
305,80,85
305,80,95
310,80,85
310,100,95
315,80,85
315,100,85
320,60,85
320,80,85
320,100,85
325,60,85
325,100,85
330,60,85
335,40,85
335,60,75
335,60,85
340,80,85
345,80,85
345,100,25
345,100,35
345,100,45
350,100,25
350,100,35
350,100,45
355,60,35
355,60,45
355,60,55
355,60,65
355,80,35
355,80,45
355,80,55
355,80,65
355,100,25
355,100,35
355,100,45
355,100,85
360,40,95
360,60,35
360,60,45
360,60,55
360,60,65
360,80,35
360,80,45
360,80,55
360,80,65
360,100,25
360,100,35
360,100,45
RUST+BURNT ORG,,
H,S,L
10,60,55
10,80,55
10,80,65
10,100,65
10,100,75
15,60,55
15,60,65
15,80,35
15,80,45
15,80,55
15,80,65
15,80,75
15,100,65
15,100,75
20,60,45
20,60,55
20,60,65
20,80,35
20,80,45
20,80,55
20,80,65
20,80,75
20,100,35
20,100,45
20,100,55
20,100,65
25,60,45
25,60,55
25,80,45
25,80,55
25,80,65
25,100,35
25,100,45
25,100,55
30,80,45
30,80,55
30,80,65
30,100,35
30,100,45
30,100,55
35,80,45
35,80,55
35,80,65
35,100,35
35,100,45
35,100,55
CORAL+SALMON,,
H,S,L
5,80,65
5,80,75
5,100,75
10,80,65
10,80,75
10,100,75
15,100,75
20,100,75
20,100,85
355,100,75
355,100,85
360,100,65
360,100,75
360,100,85
PUMPKIN+TANG,,
H,S,L
10,100,65
15,80,55
15,100,65
20,80,55
20,100,55
20,100,65
20,100,75
25,80,55
25,100,55
25,100,65
25,100,75
30,80,55
30,80,65
30,100,55
30,100,65
30,100,75
35,80,55
35,100,55
35,100,65
35,100,75
40,100,55
40,100,65
45,100,55
45,100,65
AMBER+MUSTARD,,
H,S,L
35,60,55
35,80,55
35,80,65
35,100,45
35,100,55
35,100,65
35,100,75
40,60,55
40,80,55
40,80,65
40,100,45
40,100,55
40,100,65
40,100,75
45,60,55
45,80,55
45,80,65
45,100,45
45,100,55
45,100,65
45,100,75
50,80,55
50,80,65
50,100,45
50,100,55
50,100,65
50,100,75
55,80,65
55,100,55
55,100,65
55,100,75
LEMON+SUNSHINE,,
H,S,L
45,100,65
45,100,75
45,100,85
50,100,65
50,100,75
50,100,85
55,80,65
55,80,75
55,80,85
55,100,55
55,100,65
55,100,75
55,100,85
60,80,65
60,80,75
60,80,85
60,100,55
60,100,65
60,100,75
60,100,85
65,80,65
65,80,75
65,80,85
65,100,55
65,100,65
65,100,75
65,100,85
65,100,95
70,100,85
70,100,95
75,100,85
75,100,95
EMERALD+KELLY,,
H,S,L
75,80,35
75,80,45
75,100,35
75,100,45
80,80,35
80,80,45
80,100,35
80,100,45
85,40,35
85,40,45
85,40,55
85,60,35
85,60,45
85,80,25
85,80,35
85,80,45
85,80,55
85,80,65
85,100,25
85,100,35
85,100,45
90,40,35
90,40,45
90,40,55
90,40,65
90,60,35
90,60,45
90,80,25
90,80,35
90,80,45
90,80,55
90,80,65
90,100,25
90,100,35
95,40,35
95,40,45
95,40,55
95,60,25
95,60,35
95,60,45
95,60,55
95,60,65
95,80,25
95,80,35
95,80,45
95,80,55
95,80,65
95,100,25
95,100,35
95,100,45
100,40,45
100,40,55
100,60,25
100,60,35
100,60,45
100,60,55
100,60,65
100,80,25
100,80,35
100,80,45
100,80,55
100,80,65
100,100,25
100,100,35
100,100,45
105,40,45
105,40,55
105,60,25
105,60,35
105,60,45
105,60,55
105,60,65
105,80,25
105,80,35
105,80,45
105,80,55
105,80,65
105,100,25
105,100,35
105,100,45
105,100,55
110,40,45
110,40,55
110,60,35
110,60,45
110,60,55
110,60,65
110,80,25
110,80,35
110,80,45
110,80,55
110,80,65
110,100,35
110,100,45
110,100,55
115,40,35
115,40,45
115,40,55
115,40,55
115,40,65
115,60,35
115,60,45
115,60,55
115,60,65
115,80,25
115,80,35
115,80,45
115,80,55
115,80,65
115,100,35
115,100,45
115,100,55
115,100,65
120,40,35
120,40,45
120,40,55
120,40,65
120,60,35
120,60,45
120,60,55
120,60,65
120,80,35
120,80,45
120,80,55
120,80,65
120,100,35
120,100,45
120,100,55
120,100,65
125,40,45
125,40,55
125,40,65
125,60,35
125,60,45
125,60,55
125,60,65
125,80,35
125,80,45
125,80,55
125,80,65
125,100,35
125,100,45
125,100,55
125,100,65
130,40,45
130,40,55
130,40,65
130,60,25
130,60,35
130,60,45
130,60,55
130,60,65
130,80,35
130,80,45
130,80,55
130,80,65
130,100,25
130,100,35
130,100,45
130,100,55
130,100,65
135,40,45
135,40,55
135,40,65
135,60,35
135,60,45
135,60,55
135,60,65
135,80,35
135,80,45
135,80,55
135,80,65
135,100,25
135,100,35
135,100,45
135,100,55
135,100,65
140,40,45
140,40,55
140,40,65
140,60,35
140,60,45
140,60,55
140,60,65
140,80,35
140,80,45
140,80,55
140,80,65
140,100,25
140,100,35
140,100,45
140,100,55
140,100,65
145,40,45
145,40,55
145,40,65
145,60,45
145,60,55
145,80,35
145,80,45
145,80,55
145,80,65
145,100,35
145,100,45
145,100,55
150,40,45
150,40,55
150,40,65
150,60,35
150,60,45
150,60,55
150,80,35
150,80,45
150,80,55
150,80,65
150,100,35
150,100,45
150,100,55
155,40,55
155,60,35
155,60,45
155,60,55
155,80,35
155,80,45
155,80,55
155,100,35
155,100,45
160,40,55
160,60,35
160,60,45
160,60,55
160,80,35
160,80,45
160,80,55
160,100,25
160,100,35
160,100,45
165,60,45
165,60,55
165,80,35
165,80,45
165,100,25
165,100,35
170,60,45
170,60,55
170,80,35
170,80,45
170,100,25
170,100,35
OLIVE,,
H,S,L
45,40,25
45,40,35
45,40,45
45,40,55
45,60,25
45,60,35
45,60,45
45,60,55
45,80,25
45,80,35
45,80,45
45,80,55
45,100,25
45,100,35
45,100,45
50,40,25
50,40,35
50,40,45
50,40,55
50,60,25
50,60,35
50,60,45
50,60,55
50,80,25
50,80,35
50,80,45
50,80,55
50,100,25
50,100,35
50,100,45
55,40,25
55,40,35
55,40,45
55,40,55
55,60,25
55,60,35
55,60,45
55,60,55
55,60,65
55,80,25
55,80,35
55,80,45
55,80,55
55,100,25
55,100,35
55,100,45
60,40,25
60,40,35
60,40,45
60,40,55
60,60,25
60,60,35
60,60,45
60,60,55
60,60,65
60,80,25
60,80,35
60,80,45
60,80,55
60,100,25
60,100,35
60,100,45
65,20,35
65,20,45
65,20,55
65,40,25
65,40,35
65,40,45
65,40,55
65,40,65
65,60,25
65,60,35
65,60,45
65,60,55
65,60,65
65,80,25
65,80,35
65,80,45
65,80,55
65,100,25
65,100,35
65,100,45
70,20,25
70,20,35
70,20,45
70,20,55
70,40,25
70,40,35
70,40,45
70,40,55
70,40,65
70,60,25
70,60,35
70,60,45
70,60,55
70,80,25
70,80,35
70,80,45
70,100,25
70,100,35
70,100,45
75,20,25
75,20,35
75,20,45
75,20,55
75,40,25
75,40,35
75,40,45
75,40,55
75,40,65
75,60,25
75,60,35
75,60,45
75,60,55
75,80,25
75,80,35
75,80,45
75,100,25
75,100,35
75,100,45
80,20,35
80,20,45
80,20,55
80,40,25
80,40,35
80,40,45
80,40,55
80,40,65
80,60,25
80,60,35
80,60,45
80,60,55
80,80,25
80,80,35
80,100,25
80,100,35
85,20,35
85,20,45
85,20,55
85,20,65
85,20,75
85,20,85
85,40,25
85,40,35
85,40,45
85,40,55
85,40,65
85,60,25
85,60,35
85,60,45
85,60,55
85,80,14
85,80,25
85,80,35
85,80,45
85,100,14
85,100,25
85,100,35
90,20,25
90,20,35
90,20,45
90,20,55
90,20,65
90,20,75
90,20,85
90,40,25
90,40,35
90,40,45
90,60,25
90,60,35
90,80,14
90,80,25
90,80,35
90,80,45
90,100,14
90,100,25
95,20,25
95,20,35
95,20,45
95,20,55
95,20,65
95,40,25
95,40,35
95,40,45
95,40,65
95,60,25
95,60,35
95,80,14
95,80,25
95,80,35
95,80,45
95,100,14
95,100,25
100,20,45
100,20,55
100,40,35
100,40,45
100,40,65
105,20,45
105,20,55
105,40,35
105,40,45
105,40,65
110,20,55
115,20,45
115,20,55
120,20,45
120,20,55
125,20,55
135,20,55
CHARTREUSE+LIME,,
H,S,L
50,80,55
50,80,65
55,60,55
55,80,55
55,80,65
55,100,45
55,100,55
60,60,55
60,80,55
60,80,65
60,80,75
60,100,45
60,100,55
65,60,45
65,60,55
65,60,65
65,60,75
65,80,45
65,80,55
65,80,65
65,80,75
65,80,85
65,100,45
65,100,55
65,100,65
65,100,75
65,100,85
70,60,45
70,60,55
70,60,65
70,60,75
70,80,45
70,80,55
70,80,65
70,80,75
70,80,85
70,100,45
70,100,55
70,100,65
70,100,75
70,100,85
75,60,45
75,60,55
75,60,65
75,60,75
75,80,45
75,80,55
75,80,65
75,80,75
75,80,85
75,100,45
75,100,55
75,100,65
75,100,75
75,100,85
80,60,55
80,60,65
80,80,45
80,80,55
80,80,65
80,80,75
80,100,45
80,100,55
80,100,65
80,100,75
80,100,85
80,100,95
85,40,45
85,40,55
85,40,65
85,40,75
85,60,55
85,60,65
85,60,75
85,60,85
85,80,45
85,80,55
85,80,65
85,80,75
85,100,45
85,100,55
85,100,65
85,100,75
85,100,85
85,100,95
90,40,45
90,40,55
90,40,65
90,40,75
90,40,85
90,60,45
90,60,55
90,60,65
90,60,75
90,60,85
90,80,45
90,80,55
90,80,65
90,100,45
90,100,55
90,100,65
90,100,75
90,100,85
95,40,55
95,60,45
95,60,55
95,60,65
95,60,75
95,60,85
95,80,45
95,80,55
95,80,65
95,100,45
95,100,55
95,100,65
95,100,75
95,100,85
100,80,55
100,80,65
100,100,45
100,100,55
100,100,65
100,100,75
105,80,55
105,80,65
105,100,45
105,100,55
105,100,65
105,100,75
110,80,55
110,80,65
110,100,55
110,100,65
115,80,55
115,80,65
115,100,55
115,100,65
120,100,55
120,100,65
125,100,55
125,100,65
125,100,75
130,100,55
130,100,65
130,100,75
135,100,55
135,100,65
140,100,55
140,100,65
145,100,55
145,100,65
150,100,55
150,100,65
155,100,55
160,100,55
CELADON+MINT,,
H,S,L
75,40,65
75,40,75
75,60,65
75,60,75
75,60,85
75,80,65
75,80,75
75,80,85
75,100,85
75,100,95
80,40,65
80,40,75
80,60,65
80,60,75
80,60,85
80,80,65
80,80,75
80,80,85
80,100,85
80,100,95
85,20,95
85,40,65
85,40,75
85,40,85
85,40,95
85,60,65
85,60,75
85,60,85
85,60,95
85,80,65
85,80,75
85,80,85
85,80,95
85,100,75
85,100,85
85,100,95
90,20,95
90,40,75
90,40,85
90,40,95
90,60,65
90,60,75
90,60,85
90,60,95
90,80,75
90,80,85
90,80,95
90,100,75
90,100,85
90,100,95
95,20,55
95,20,65
95,20,75
95,20,85
95,40,65
95,40,75
95,40,85
95,40,95
95,60,65
95,60,75
95,60,85
95,60,95
95,80,75
95,80,85
95,80,95
95,100,75
95,100,85
95,100,95
100,20,55
100,20,65
100,20,75
100,20,85
100,40,65
100,40,75
100,40,85
100,40,95
100,60,65
100,60,75
100,60,85
100,60,95
100,80,75
100,80,85
100,80,95
100,100,75
100,100,85
100,100,95
105,20,55
105,20,65
105,20,75
105,20,85
105,40,65
105,40,75
105,40,85
105,40,95
105,60,65
105,60,75
105,60,85
105,60,95
105,80,75
105,80,85
105,80,95
105,100,75
105,100,85
105,100,95
110,20,65
110,40,65
110,40,75
110,40,85
110,40,95
110,60,65
110,60,75
110,60,85
110,60,95
110,80,75
110,80,85
110,80,95
110,100,75
110,100,85
110,100,95
115,20,65
115,20,75
115,40,65
115,40,75
115,40,85
115,40,95
115,60,65
115,60,75
115,60,85
115,60,95
115,80,75
115,80,85
115,80,95
115,100,75
115,100,85
115,100,95
120,20,65
120,20,75
120,40,65
120,40,75
120,40,85
120,40,95
120,60,65
120,60,75
120,60,85
120,60,95
120,80,75
120,80,85
120,80,95
120,100,75
120,100,85
120,100,95
125,20,65
125,20,75
125,40,65
125,40,75
125,40,85
125,40,95
125,60,65
125,60,75
125,60,85
125,60,95
125,80,65
125,80,75
125,80,85
125,80,95
125,100,85
125,100,95
130,40,65
130,40,75
130,40,85
130,40,95
130,60,65
130,60,75
130,60,85
130,60,95
130,80,65
130,80,75
130,80,85
130,80,95
130,100,65
130,100,75
130,100,85
130,100,95
135,40,65
135,40,75
135,40,85
135,40,95
135,60,65
135,60,75
135,60,85
135,60,95
135,80,65
135,80,75
135,80,85
135,80,95
135,100,65
135,100,75
135,100,85
135,100,95
140,40,65
140,40,75
140,40,85
140,40,95
140,60,55
140,60,65
140,60,75
140,60,85
140,60,95
140,80,65
140,80,75
140,80,85
140,80,95
140,100,65
140,100,75
140,100,85
140,100,95
145,40,65
145,40,75
145,40,85
145,40,95
145,60,55
145,60,65
145,60,75
145,60,85
145,60,95
145,80,65
145,80,75
145,80,85
145,80,95
145,100,65
145,100,75
145,100,85
145,100,95
150,40,55
150,40,65
150,40,75
150,40,85
150,40,95
150,60,55
150,60,65
150,60,75
150,60,85
150,60,95
150,80,55
150,80,65
150,80,75
150,80,85
150,80,95
150,100,55
150,100,65
150,100,75
150,100,85
150,100,95
155,40,55
155,40,65
155,40,75
155,40,85
155,40,95
155,60,55
155,60,65
155,60,75
155,60,85
155,60,95
155,80,55
155,80,65
155,80,75
155,80,85
155,80,95
155,100,55
155,100,65
155,100,75
155,100,85
155,100,95
160,40,55
160,40,65
160,40,75
160,40,85
160,40,95
160,60,55
160,60,65
160,60,75
160,60,85
160,60,95
160,80,55
160,80,65
160,80,75
160,80,85
160,80,95
160,100,45
160,100,55
160,100,65
160,100,75
160,100,85
160,100,95
165,40,55
165,40,65
165,40,75
165,40,85
165,40,95
165,60,55
165,60,65
165,60,75
165,60,85
165,60,95
165,80,55
165,80,65
165,80,75
165,80,85
165,80,95
165,100,45
165,100,55
165,100,65
165,100,75
165,100,85
165,100,95
170,40,55
170,40,65
170,40,75
170,40,85
170,40,95
170,60,55
170,60,65
170,60,75
170,60,85
170,60,95
170,80,55
170,80,65
170,80,75
170,80,85
170,80,95
170,100,45
170,100,55
170,100,65
170,100,75
170,100,85
170,100,95
175,40,75
175,40,85
175,40,95
175,60,75
175,60,85
175,60,95
180,40,75
180,40,85
180,60,75
185,40,75
185,40,85
185,60,75
190,40,75
190,40,85
195,40,75
195,40,85
HUNTER+FOREST,,
H,S,L
65,20,25
65,20,35
65,20,45
65,40,25
65,60,25
65,80,25
65,100,25
70,20,25
70,20,35
70,40,25
70,60,25
70,80,25
70,100,25
75,20,25
75,20,35
75,20,45
75,40,25
75,40,35
75,60,25
75,80,25
75,100,14
75,100,25
80,20,25
80,20,35
80,20,45
80,40,25
80,40,35
80,60,25
80,80,25
80,100,14
80,100,25
85,20,25
85,20,35
85,20,45
85,20,55
85,40,25
85,40,35
85,60,14
85,60,25
85,80,14
85,80,25
85,100,14
85,100,25
90,20,25
90,20,35
90,20,45
90,20,55
90,40,25
90,60,14
90,60,25
90,80,14
90,100,14
95,20,25
95,20,35
95,20,45
95,20,55
95,40,25
95,40,35
95,40,45
95,60,14
95,60,25
95,80,14
95,80,25
95,100,14
95,100,25
100,20,35
100,20,45
100,40,25
100,40,35
100,40,45
100,60,14
100,60,25
100,80,14
100,80,25
100,100,14
100,100,25
105,20,35
105,20,45
105,20,55
105,40,25
105,40,35
105,40,45
105,60,14
105,60,25
105,60,35
105,80,14
105,80,25
105,100,14
105,100,25
110,20,25
110,20,35
110,20,45
110,20,55
110,40,25
110,40,35
110,40,45
110,60,14
110,60,25
110,60,35
110,80,14
110,80,25
110,100,14
110,100,25
115,20,25
115,20,35
115,20,45
115,20,55
115,40,25
115,40,35
115,40,45
115,60,14
115,60,25
115,60,35
115,60,45
115,80,14
115,80,25
115,80,35
115,100,14
115,100,25
120,20,25
120,20,35
120,20,45
120,20,55
120,40,25
120,40,35
120,40,45
120,40,55
120,60,25
120,60,35
120,60,45
120,80,14
120,80,25
120,80,35
120,100,14
120,100,25
125,20,25
125,20,35
125,20,45
125,20,55
125,40,25
125,40,35
125,40,45
125,60,25
125,60,35
125,80,25
125,80,35
125,100,25
125,100,35
130,20,35
130,20,45
130,20,55
130,40,25
130,40,35
130,40,45
130,60,25
130,80,25
130,80,35
130,100,14
130,100,25
135,20,35
135,20,45
135,20,55
135,40,25
135,40,35
135,40,45
135,60,25
135,60,35
135,80,25
135,80,35
135,100,14
135,100,25
140,20,35
140,20,45
140,20,55
140,40,25
140,40,35
140,40,45
140,40,55
140,60,25
140,60,35
140,80,25
140,80,35
140,100,14
140,100,25
145,20,35
145,20,45
145,20,55
145,40,25
145,40,35
145,40,45
145,40,55
145,60,25
145,60,35
145,80,25
145,80,35
145,100,25
150,20,35
150,20,45
150,20,55
150,40,25
150,40,35
150,40,45
150,40,55
150,60,25
150,60,35
150,80,25
150,80,35
150,100,25
150,100,35
155,40,25
155,40,35
155,40,45
155,60,25
155,60,35
155,80,25
155,80,35
155,100,25
155,100,35
160,40,25
160,40,35
160,40,45
160,60,25
160,60,35
160,60,45
160,80,25
160,80,35
160,100,14
160,100,25
160,100,35
165,40,25
165,40,35
165,40,45
165,60,25
165,60,35
165,60,45
165,80,25
165,80,35
165,100,14
165,100,25
165,100,35
170,40,25
170,40,35
170,40,45
170,60,25
170,60,35
170,60,45
170,80,25
170,80,35
170,100,14
170,100,25
170,100,35
175,40,25
175,40,35
175,40,45
175,60,25
175,60,35
175,80,25
175,80,35
175,100,14
175,100,25
175,100,35
180,40,25
180,40,35
180,40,45
180,60,25
180,60,35
180,80,25
180,80,35
180,100,14
180,100,25
180,100,35
185,40,25
185,40,35
185,40,45
185,60,25
185,60,35
185,80,25
185,80,35
185,100,14
185,100,25
185,100,35
190,40,25
190,40,35
190,60,25
190,60,35
190,80,25
190,80,35
190,100,25
190,100,35
195,40,25
195,40,35
195,60,25
195,60,35
195,80,25
195,80,35
195,100,25
195,100,35
TURQUOISE+AQUA,,
H,S,L
150,100,75
150,100,85
150,100,95
155,100,75
155,100,85
155,100,95
160,60,55
160,60,65
160,60,75
160,60,85
160,60,95
160,80,45
160,80,55
160,80,65
160,80,75
160,80,85
160,80,95
160,100,45
160,100,55
160,100,65
160,100,75
160,100,85
160,100,95
165,60,55
165,60,65
165,60,75
165,60,85
165,60,95
165,80,45
165,80,55
165,80,65
165,80,75
165,80,85
165,80,95
165,100,45
165,100,55
165,100,65
165,100,75
165,100,85
165,100,95
170,40,45
170,40,55
170,40,65
170,40,75
170,40,85
170,40,95
170,60,35
170,60,45
170,60,55
170,60,65
170,60,75
170,60,85
170,60,95
170,80,35
170,80,45
170,80,55
170,80,65
170,80,75
170,80,85
170,80,95
170,100,25
170,100,35
170,100,45
170,100,55
170,100,65
170,100,75
170,100,85
170,100,95
175,40,45
175,40,55
175,40,65
175,40,75
175,40,85
175,40,95
175,60,35
175,60,45
175,60,55
175,60,65
175,60,75
175,60,85
175,60,95
175,80,35
175,80,45
175,80,55
175,80,65
175,80,75
175,80,85
175,80,95
175,100,25
175,100,35
175,100,45
175,100,55
175,100,65
175,100,75
175,100,85
175,100,95
180,40,45
180,40,55
180,40,65
180,40,75
180,40,85
180,40,95
180,60,35
180,60,45
180,60,55
180,60,65
180,60,75
180,60,85
180,60,95
180,80,35
180,80,45
180,80,55
180,80,65
180,80,75
180,80,85
180,80,95
180,100,35
180,100,45
180,100,55
180,100,65
180,100,75
180,100,85
180,100,95
185,40,45
185,40,55
185,40,65
185,40,75
185,40,85
185,40,95
185,60,35
185,60,45
185,60,55
185,60,65
185,60,75
185,60,85
185,60,95
185,80,35
185,80,45
185,80,55
185,80,65
185,80,75
185,80,85
185,80,95
185,100,35
185,100,45
185,100,55
185,100,65
185,100,75
185,100,85
185,100,95
190,40,45
190,40,55
190,40,65
190,40,75
190,40,85
190,40,95
190,60,25
190,60,35
190,60,45
190,60,55
190,60,65
190,60,75
190,60,85
190,60,95
190,80,25
190,80,35
190,80,45
190,80,55
190,80,65
190,80,75
190,80,85
190,80,95
190,100,25
190,100,35
190,100,45
190,100,55
190,100,65
190,100,75
190,100,85
190,100,95
195,40,45
195,40,55
195,40,65
195,40,75
195,40,85
195,40,95
195,60,25
195,60,35
195,60,45
195,60,55
195,60,65
195,60,75
195,60,85
195,60,95
195,80,25
195,80,35
195,80,45
195,80,55
195,80,65
195,80,75
195,80,85
195,80,95
195,100,35
195,100,45
195,100,55
195,100,65
195,100,75
195,100,85
195,100,95
200,40,75
200,40,85
200,40,95
200,60,25
200,60,35
200,60,45
200,60,55
200,60,65
200,60,75
200,60,85
200,60,95
200,80,25
200,80,35
200,80,45
200,80,55
200,80,65
200,80,75
200,80,85
200,80,95
200,100,35
200,100,45
200,100,55
200,100,65
200,100,75
200,100,85
200,100,95
205,40,75
205,40,85
205,40,95
205,60,25
205,60,35
205,60,45
205,60,55
205,60,65
205,60,75
205,60,85
205,60,95
205,80,25
205,80,35
205,80,45
205,80,55
205,80,65
205,80,75
205,80,85
205,80,95
205,100,35
205,100,45
205,100,55
205,100,65
205,100,75
205,100,85
205,100,95
210,60,55
215,60,55
NAVY+COBALT,,
H,S,L
195,100,25
200,100,25
205,40,25
205,40,35
205,60,25
205,60,35
205,60,45
205,60,55
205,80,25
205,80,35
205,80,45
205,80,55
205,100,25
205,100,35
205,100,45
205,100,55
210,40,25
210,40,35
210,60,25
210,60,35
210,60,45
210,60,55
210,80,25
210,80,35
210,80,45
210,80,55
210,100,25
210,100,35
210,100,45
210,100,55
215,40,25
215,40,35
215,40,45
215,60,25
215,60,35
215,60,45
215,60,55
215,80,25
215,80,35
215,80,45
215,80,55
215,100,25
215,100,35
215,100,45
215,100,55
220,40,25
220,40,35
220,40,45
220,60,25
220,60,35
220,60,45
220,60,55
220,80,25
220,80,35
220,80,45
220,80,55
220,100,25
220,100,35
220,100,45
220,100,55
225,40,25
225,40,35
225,40,45
225,60,25
225,60,35
225,60,45
225,60,55
225,80,25
225,80,35
225,80,45
225,80,55
225,100,25
225,100,35
225,100,45
225,100,55
225,100,65
230,40,25
230,40,35
230,40,45
230,40,55
230,60,25
230,60,35
230,60,45
230,60,55
230,80,25
230,80,35
230,80,45
230,80,55
230,100,25
230,100,35
230,100,45
230,100,55
230,100,65
235,40,25
235,40,35
235,40,45
235,40,55
235,60,25
235,60,35
235,60,45
235,60,55
235,80,25
235,80,35
235,80,45
235,80,55
235,80,65
235,100,25
235,100,35
235,100,45
235,100,55
235,100,65
240,40,25
240,40,35
240,40,45
240,60,25
240,60,35
240,60,45
240,60,55
240,80,25
240,80,35
240,80,45
240,80,55
240,80,65
240,100,25
240,100,35
240,100,45
240,100,55
240,100,65
245,40,25
245,40,35
245,40,45
245,60,25
245,60,35
245,60,45
245,60,55
245,80,25
245,80,35
245,80,45
245,80,55
245,80,65
245,100,25
245,100,35
245,100,45
245,100,55
245,100,65
250,40,25
250,40,35
250,40,45
250,40,55
250,60,25
250,60,35
250,60,45
250,60,55
250,80,25
250,80,35
250,80,45
250,80,55
250,100,25
250,100,35
250,100,45
250,100,55
250,100,65
255,40,25
255,40,35
255,40,45
255,40,55
255,60,25
255,60,35
255,60,45
255,60,55
255,80,25
255,80,35
255,80,45
255,80,55
255,100,25
255,100,35
255,100,45
255,100,55
255,100,65
260,40,25
260,40,35
260,60,25
260,60,35
260,80,25
260,80,35
260,80,45
260,80,55
260,100,25
260,100,35
260,100,45
260,100,55
265,40,25
265,40,35
265,60,25
265,60,35
265,80,25
265,80,35
265,80,45
265,80,55
265,100,25
265,100,35
265,100,45
265,100,55
270,40,25
270,40,35
270,60,25
270,60,35
270,80,25
270,80,35
270,100,25
270,100,35
275,40,25
275,40,35
275,60,25
275,60,35
275,80,25
275,80,35
275,100,25
275,100,35
SLATE+STEEL,,
H,S,L
160,20,45
160,20,55
160,20,65
165,20,45
165,20,55
165,20,65
170,20,45
170,20,55
170,20,65
175,20,45
175,20,55
175,20,65
180,20,45
180,20,55
180,20,65
180,40,35
180,40,45
185,20,35
185,20,45
185,20,55
185,20,65
185,40,25
185,40,35
185,40,45
190,20,35
190,20,45
190,20,55
190,20,65
190,40,25
190,40,35
190,40,45
190,60,25
190,80,25
190,100,25
195,20,35
195,20,45
195,20,55
195,20,65
195,40,25
195,40,35
195,40,45
195,40,55
195,40,65
195,60,25
195,60,35
195,80,25
195,80,35
195,100,25
200,20,45
200,20,55
200,20,65
200,40,25
200,40,35
200,40,45
200,40,55
200,40,65
200,60,25
200,60,35
200,80,25
200,80,35
200,100,25
200,100,35
205,20,45
205,20,55
205,20,65
205,40,25
205,40,35
205,40,45
205,40,55
205,40,65
205,60,25
205,60,35
205,60,45
205,60,55
205,60,65
205,60,75
205,80,25
205,80,35
205,100,25
205,100,35
210,20,45
210,20,55
210,20,65
210,40,25
210,40,35
210,40,45
210,40,55
210,40,65
210,60,25
210,60,35
210,60,45
210,60,55
210,60,65
210,60,75
215,20,35
215,20,45
215,20,55
215,20,65
215,40,25
215,40,35
215,40,45
215,40,55
215,40,65
215,40,75
215,60,25
215,60,35
215,60,45
215,60,65
220,20,35
220,20,45
220,20,55
220,20,65
220,40,35
220,40,45
220,40,55
220,40,65
220,40,75
225,20,35
225,20,45
225,20,55
225,20,65
225,40,35
225,40,45
225,40,55
225,40,65
225,40,75
230,20,45
230,20,55
230,20,65
230,40,45
230,40,55
230,40,65
230,40,75
235,20,35
235,20,45
235,20,55
235,20,65
235,40,45
235,40,55
235,40,65
235,40,75
240,20,35
240,20,45
240,20,55
240,20,65
240,40,45
240,40,55
240,40,65
245,20,35
245,20,45
245,20,55
245,20,65
245,40,35
245,40,45
245,40,55
245,40,65
245,40,75
250,20,35
250,20,45
250,20,55
250,20,65
250,40,35
250,40,45
250,40,55
250,40,65
250,40,75
255,20,35
255,20,45
255,20,55
255,20,65
255,40,35
255,40,45
255,40,55
255,40,65
255,40,75
260,20,35
260,20,45
260,20,55
260,20,65
265,20,35
265,20,45
265,20,55
265,20,65
270,20,35
270,20,45
270,20,55
270,20,65
275,20,35
275,20,45
275,20,55
275,20,65
280,20,35
280,20,45
280,20,55
280,20,65
285,20,35
285,20,45
285,20,55
290,20,35
290,20,45
290,20,55
295,20,35
295,20,45
295,20,55
300,20,35
300,20,45
305,20,35
305,20,45
CORNFLR + PERIWKL,,
H,S,L
205,80,45
205,80,55
205,80,65
205,80,75
205,100,45
205,100,55
205,100,65
205,100,75
210,80,45
210,80,55
210,80,65
210,80,75
210,100,45
210,100,55
210,100,65
210,100,75
215,40,55
215,40,65
215,60,55
215,60,65
215,60,75
215,60,85
215,80,55
215,80,65
215,80,75
215,80,85
215,100,55
215,100,65
215,100,75
215,100,85
220,40,55
220,40,65
220,60,55
220,60,65
220,60,75
220,60,85
220,80,55
220,80,65
220,80,75
220,80,85
220,100,55
220,100,65
220,100,75
220,100,85
225,60,55
225,60,65
225,60,75
225,60,85
225,80,55
225,80,65
225,80,75
225,80,85
225,100,55
225,100,65
225,100,75
225,100,85
230,60,55
230,60,65
230,60,75
230,60,85
230,80,55
230,80,65
230,80,75
230,80,85
230,100,55
230,100,65
230,100,75
235,40,55
235,40,65
235,60,55
235,60,65
235,60,75
235,60,85
235,80,55
235,80,65
235,80,75
235,80,85
235,100,55
235,100,65
235,100,75
235,100,85
240,40,55
240,40,65
240,40,75
240,60,55
240,60,65
240,60,75
240,80,65
240,80,75
240,80,85
240,100,65
240,100,75
240,100,85
245,40,55
245,40,65
245,40,75
245,60,55
245,60,65
245,60,75
245,80,65
245,80,75
245,80,85
245,100,65
245,100,75
245,100,85
250,60,65
250,60,75
250,80,55
250,80,65
250,80,75
250,80,85
250,100,55
250,100,65
250,100,75
255,60,65
255,60,75
255,80,55
255,80,65
255,80,75
255,80,85
255,100,55
255,100,65
255,100,75
SKY + POWDER,,
H,S,L
170,40,95
170,60,95
170,80,95
170,100,75
170,100,85
170,100,95
175,40,95
175,60,95
175,80,95
175,100,75
175,100,85
175,100,95
180,40,95
180,60,85
180,60,95
180,80,85
180,80,95
180,100,85
180,100,95
185,40,95
185,60,85
185,60,95
185,80,85
185,80,95
185,100,85
185,100,95
190,40,95
190,60,85
190,60,95
190,80,85
190,80,95
190,100,85
190,100,95
195,40,95
195,60,85
195,60,95
195,80,85
195,80,95
195,100,85
195,100,95
200,40,95
200,60,85
200,60,95
200,80,85
200,80,95
200,100,85
200,100,95
205,40,95
205,60,85
205,60,95
205,80,75
205,80,85
205,80,95
205,100,75
205,100,85
205,100,95
210,40,95
210,60,85
210,60,95
210,80,75
210,80,85
210,80,95
210,100,75
210,100,85
210,100,95
215,40,85
215,40,95
215,60,75
215,60,85
215,60,95
215,80,75
215,80,85
215,80,95
215,100,75
215,100,85
215,100,95
220,40,85
220,40,95
220,60,75
220,60,85
220,60,95
220,80,75
220,80,85
220,80,95
220,100,75
220,100,85
220,100,95
225,60,75
225,60,85
225,60,95
225,80,75
225,80,85
225,80,95
225,100,75
225,100,85
225,100,95
230,60,75
230,60,85
230,60,95
230,80,75
230,80,85
230,80,95
230,100,75
230,100,85
230,100,95
235,40,85
235,40,95
235,60,75
235,60,85
235,60,95
235,80,75
235,80,85
235,80,95
235,100,75
235,100,85
235,100,95
240,40,85
240,40,95
240,60,85
240,60,95
240,80,85
240,80,95
240,100,85
240,100,95
245,40,85
245,40,95
245,60,85
245,60,95
245,80,85
245,80,95
245,100,85
245,100,95
BLUSH + ROSE,,
H,S,L
5,60,75
5,60,85
5,80,85
5,100,85
10,60,75
10,60,85
10,80,85
10,100,85
15,60,95
15,80,85
15,100,85
20,80,85
20,100,85
295,80,85
295,80,95
295,100,95
300,80,85
300,80,95
300,100,85
300,100,95
305,60,95
305,100,95
310,40,95
310,60,95
310,80,95
315,40,95
315,60,95
315,80,95
315,100,95
320,40,95
320,60,95
320,80,95
320,100,95
325,40,95
325,60,95
325,80,85
325,80,95
325,100,95
330,40,95
330,60,95
330,80,85
330,80,95
330,100,85
330,100,95
335,40,95
335,60,95
335,80,85
335,80,95
335,100,85
335,100,95
340,40,85
340,40,95
340,60,75
340,60,85
340,60,95
340,80,95
340,100,85
340,100,95
345,40,85
345,40,95
345,60,75
345,60,85
345,60,95
345,80,95
345,100,85
345,100,95
350,40,95
350,60,75
350,60,85
350,60,95
350,80,85
350,80,95
350,100,85
350,100,95
355,40,95
355,60,75
355,60,85
355,60,95
355,80,85
355,80,95
355,100,95
360,60,95
360,80,85
360,80,95
360,100,85
360,100,95
MAUVE,,
H,S,L
5,40,65
5,40,75
5,40,85
5,60,65
5,60,75
5,60,85
5,80,85
5,100,75
5,100,85
10,40,65
10,40,75
10,40,85
10,60,65
10,60,75
10,60,85
10,60,95
10,80,75
10,80,85
10,100,75
10,100,85
15,60,75
15,60,85
15,60,95
15,80,85
15,100,85
20,60,75
20,60,85
20,60,95
20,80,85
275,40,65
275,40,75
275,60,65
275,60,75
280,40,65
280,40,75
280,60,65
280,60,75
285,20,55
285,20,65
285,20,75
285,40,55
285,40,65
285,40,75
285,60,65
285,60,75
285,80,75
285,80,85
285,100,75
285,100,85
290,20,55
290,20,65
290,20,75
290,40,55
290,40,65
290,40,75
290,60,65
290,60,75
290,80,65
290,80,75
290,80,85
290,100,65
290,100,75
290,100,85
295,20,55
295,20,65
295,20,75
295,40,55
295,40,65
295,40,75
295,40,85
295,60,65
295,60,75
295,60,85
295,80,75
295,80,85
300,20,55
300,20,65
300,20,75
300,40,45
300,40,55
300,40,65
300,40,75
300,40,85
300,60,65
300,60,75
300,60,85
300,80,75
300,80,85
300,80,95
305,20,45
305,20,55
305,20,65
305,20,75
305,40,45
305,40,55
305,40,65
305,40,75
305,40,85
305,60,65
305,60,75
305,60,85
305,80,75
305,80,85
305,80,95
305,100,85
310,20,35
310,20,45
310,20,55
310,20,65
310,20,75
310,40,45
310,40,55
310,40,65
310,40,75
310,40,85
310,60,65
310,60,75
310,60,85
310,80,75
310,80,85
310,100,85
310,100,95
315,20,35
315,20,45
315,20,55
315,20,65
315,20,75
315,40,45
315,40,55
315,40,65
315,40,75
315,40,85
315,60,65
315,60,75
315,60,85
315,80,75
315,80,85
315,100,85
320,20,35
320,20,45
320,20,55
320,20,65
320,40,45
320,40,55
320,40,65
320,40,75
320,40,85
320,60,55
320,60,65
320,60,75
320,60,85
325,20,35
325,20,45
325,20,55
325,20,65
325,40,35
325,40,45
325,40,55
325,40,65
325,40,75
325,40,85
325,60,55
325,60,65
325,60,75
325,60,85
325,80,85
330,20,45
330,20,55
330,20,65
330,40,35
330,40,45
330,40,55
330,40,65
330,40,75
330,40,85
330,60,55
330,60,65
330,60,75
330,60,85
330,80,85
335,20,45
335,20,55
335,20,65
335,40,35
335,40,45
335,40,55
335,40,65
335,40,75
335,40,85
335,60,55
335,60,65
335,60,75
335,60,85
335,80,65
335,80,75
335,80,85
340,20,55
340,20,65
340,40,45
340,40,55
340,40,65
340,40,75
340,40,85
340,60,45
340,60,55
340,60,65
340,60,75
340,60,85
340,80,65
340,80,75
340,80,85
345,20,55
345,20,65
345,40,45
345,40,55
345,40,65
345,40,75
345,40,85
345,40,95
345,60,45
345,60,55
345,60,65
345,60,75
345,60,85
345,80,65
345,80,75
345,80,85
350,20,55
350,20,65
350,40,45
350,40,55
350,40,65
350,40,75
350,40,85
350,40,95
350,60,55
350,60,65
350,60,75
350,60,85
350,80,65
350,80,75
350,80,85
355,20,55
355,20,65
355,40,45
355,40,55
355,40,65
355,40,75
355,40,85
355,40,95
355,60,55
355,60,65
355,60,75
355,60,85
355,80,65
355,80,75
355,80,85
360,40,45
360,40,55
360,40,65
360,40,75
360,40,85
360,40,95
360,60,65
360,60,75
360,60,85
360,80,65
360,80,75
360,80,85
BUBGUM + FLAMINGO,,
H,S,L
295,100,75
295,100,85
300,100,75
300,100,85
305,100,75
305,100,85
310,80,65
310,80,75
310,100,65
310,100,75
310,100,85
315,80,65
315,80,75
315,100,65
315,100,75
315,100,85
320,80,65
320,80,75
320,80,85
320,100,65
320,100,75
320,100,85
325,80,55
325,80,65
325,80,75
325,80,85
325,100,55
325,100,65
325,100,75
325,100,85
330,80,55
330,80,65
330,80,75
330,80,85
330,100,55
330,100,65
330,100,75
330,100,85
335,80,55
335,80,65
335,80,75
335,80,85
335,100,55
335,100,65
335,100,75
335,100,85
340,80,65
340,80,75
340,80,85
340,100,55
340,100,65
340,100,75
340,100,85
345,80,65
345,80,75
345,80,85
345,100,65
345,100,75
345,100,85
350,80,65
350,80,75
350,100,65
350,100,75
350,100,85
355,80,65
355,80,75
355,100,75
355,100,85
FUCHSIA + MAGENTA,,
H,S,L
285,80,65
285,100,55
285,100,65
290,100,55
290,100,65
295,60,55
295,80,45
295,80,55
295,80,65
295,100,45
295,100,55
295,100,65
295,100,75
300,60,45
300,60,55
300,80,45
300,80,55
300,80,65
300,100,45
300,100,55
300,100,65
300,100,75
305,60,45
305,60,55
305,80,45
305,80,55
305,80,65
305,100,35
305,100,45
305,100,55
305,100,65
305,100,75
310,60,45
310,60,55
310,80,35
310,80,45
310,80,55
310,80,65
310,100,35
310,100,45
310,100,55
310,100,65
315,60,45
315,60,55
315,80,35
315,80,45
315,80,55
315,80,65
315,100,35
315,100,45
315,100,55
315,100,65
320,60,45
320,60,55
320,80,35
320,80,45
320,80,55
320,80,65
320,100,35
320,100,45
320,100,55
320,100,65
325,60,35
325,60,45
325,60,55
325,80,35
325,80,45
325,80,55
325,80,65
325,100,35
325,100,45
325,100,55
325,100,65
330,60,35
330,60,45
330,60,55
330,80,45
330,80,55
330,80,65
330,100,35
330,100,45
330,100,55
330,100,65
335,60,35
335,60,45
335,60,55
335,80,45
335,80,55
335,80,65
335,100,35
335,100,45
335,100,55
335,100,65
340,80,45
340,80,55
340,80,65
340,100,45
340,100,55
340,100,65
345,80,45
345,80,55
345,80,65
345,100,45
345,100,55
345,100,65
350,80,55
350,100,65
355,100,65
VIOLET + EGGPLANT,,
H,S,L
250,40,45
250,40,55
250,40,65
250,60,35
250,60,45
250,60,55
250,60,65
250,80,65
250,80,75
255,40,35
255,40,45
255,40,55
255,40,65
255,60,35
255,60,45
255,60,55
255,60,65
255,80,35
255,80,45
255,80,55
255,80,65
255,80,75
255,100,35
255,100,45
255,100,55
255,100,65
260,40,35
260,40,45
260,40,55
260,60,35
260,60,45
260,60,55
260,80,35
260,80,45
260,80,55
260,80,65
260,100,35
260,100,45
260,100,55
260,100,65
265,40,25
265,40,35
265,40,45
265,40,55
265,40,65
265,60,25
265,60,35
265,60,45
265,60,55
265,60,65
265,80,25
265,80,35
265,80,45
265,80,55
265,80,65
265,100,25
265,100,35
265,100,45
265,100,55
265,100,65
270,40,25
270,40,35
270,40,45
270,40,55
270,40,65
270,60,25
270,60,35
270,60,45
270,60,55
270,60,65
270,80,25
270,80,35
270,80,45
270,80,55
270,80,65
270,100,25
270,100,35
270,100,45
270,100,55
270,100,65
275,40,25
275,40,35
275,40,45
275,40,55
275,40,65
275,60,25
275,60,35
275,60,45
275,60,55
275,60,65
275,80,25
275,80,35
275,80,45
275,80,55
275,80,65
275,100,25
275,100,35
275,100,45
275,100,55
275,100,65
280,40,25
280,40,35
280,40,45
280,40,55
280,40,65
280,60,25
280,60,35
280,60,45
280,60,55
280,60,65
280,80,25
280,80,35
280,80,45
280,80,55
280,80,65
280,100,25
280,100,35
280,100,45
280,100,55
280,100,65
285,40,25
285,40,35
285,40,45
285,40,55
285,40,65
285,60,25
285,60,35
285,60,45
285,60,55
285,60,65
285,80,25
285,80,35
285,80,45
285,80,55
285,80,65
285,100,25
285,100,35
285,100,45
285,100,55
285,100,65
290,40,25
290,40,35
290,40,45
290,40,55
290,60,25
290,60,35
290,60,45
290,60,55
290,80,25
290,80,35
290,80,45
290,80,55
290,100,25
290,100,35
290,100,45
290,100,55
295,40,25
295,40,35
295,40,45
295,40,55
295,60,25
295,60,35
295,60,45
295,60,55
295,80,25
295,80,35
295,80,45
295,80,55
295,100,25
295,100,35
295,100,45
295,100,55
300,40,25
300,40,35
300,40,45
300,40,55
300,60,25
300,60,35
300,60,45
300,60,55
300,80,25
300,80,35
300,80,45
300,100,25
300,100,35
300,100,45
305,20,35
305,20,45
305,20,65
305,40,25
305,40,35
305,40,45
305,40,55
305,60,25
305,60,35
305,60,45
305,60,55
305,80,25
305,80,35
305,80,45
305,100,25
305,100,35
305,100,45
310,40,25
310,40,35
310,40,45
310,60,25
310,60,35
310,60,45
310,80,25
310,80,35
310,100,25
310,100,35
315,40,25
315,40,35
315,40,45
315,40,55
315,60,25
315,60,35
315,60,45
315,80,25
315,80,35
315,80,45
315,100,25
315,100,35
320,40,25
320,40,35
320,40,45
320,60,25
320,60,35
320,60,45
320,80,25
320,80,35
320,100,25
320,100,35
325,40,25
325,40,35
325,40,45
325,60,25
325,60,35
325,60,45
325,80,25
325,80,35
325,100,25
325,100,35
330,40,25
330,40,35
330,40,45
330,60,25
330,60,35
330,60,45
330,80,25
330,80,35
330,100,25
330,100,35
335,40,25
335,40,35
335,40,45
335,60,25
335,60,35
335,60,45
335,80,25
335,80,35
335,100,25
335,100,35
340,40,25
340,40,35
340,40,45
340,60,25
340,80,25
345,40,25
345,40,35
345,40,45
345,60,25
345,80,25
350,40,25
LAVENDER + LILAC,,
H,S,L
225,80,85
225,80,95
225,100,85
225,100,95
230,60,85
230,60,95
230,80,85
230,80,95
230,100,85
230,100,95
235,40,75
235,40,85
235,40,95
235,60,75
235,60,85
235,60,95
235,80,85
235,80,95
235,100,85
235,100,95
240,40,75
240,40,85
240,40,95
240,60,75
240,60,85
240,60,95
240,80,85
240,80,95
240,100,85
240,100,95
245,40,65
245,40,75
245,40,85
245,40,95
245,60,65
245,60,75
245,60,85
245,60,95
245,80,75
245,80,85
245,80,95
245,100,75
245,100,85
245,100,95
250,40,65
250,40,75
250,40,85
250,40,95
250,60,65
250,60,75
250,60,85
250,60,95
250,80,75
250,80,85
250,80,95
250,100,75
250,100,85
250,100,95
255,40,65
255,40,75
255,40,85
255,40,95
255,60,65
255,60,75
255,60,85
255,60,95
255,80,75
255,80,85
255,80,95
255,100,75
255,100,85
255,100,95
260,40,65
260,40,75
260,40,85
260,40,95
260,60,65
260,60,75
260,60,85
260,60,95
260,80,75
260,80,85
260,80,95
260,100,75
260,100,85
260,100,95
265,40,65
265,40,75
265,40,85
265,40,95
265,60,65
265,60,75
265,60,85
265,60,95
265,80,65
265,80,75
265,80,85
265,80,95
265,100,65
265,100,75
265,100,85
265,100,95
270,40,65
270,40,75
270,40,85
270,40,95
270,60,65
270,60,75
270,60,85
270,60,95
270,80,65
270,80,75
270,80,85
270,80,95
270,100,65
270,100,75
270,100,85
270,100,95
275,40,65
275,40,75
275,40,85
275,40,95
275,60,55
275,60,65
275,60,75
275,60,85
275,60,95
275,80,65
275,80,75
275,80,85
275,80,95
275,100,65
275,100,75
275,100,85
275,100,95
280,40,55
280,40,65
280,40,75
280,40,85
280,40,95
280,60,55
280,60,65
280,60,75
280,60,85
280,60,95
280,80,75
280,80,85
280,80,95
280,100,75
280,100,85
280,100,95
285,40,55
285,40,65
285,40,75
285,40,85
285,40,95
285,60,55
285,60,65
285,60,75
285,60,85
285,60,95
285,80,75
285,80,85
285,80,95
285,100,75
285,100,85
285,100,95
290,40,65
290,40,75
290,40,85
290,40,95
290,60,65
290,60,75
290,60,85
290,60,95
290,80,65
290,80,75
290,80,85
290,80,95
290,100,65
290,100,75
290,100,85
290,100,95
295,40,65
295,40,75
295,40,85
295,40,95
295,60,65
295,60,75
295,60,85
295,60,95
295,80,75
295,80,85
295,80,95
295,100,85
295,100,95
300,40,65
300,40,75
300,40,85
300,40,95
300,60,65
300,60,75
300,60,85
300,60,95
300,80,75
300,80,85
300,80,95
300,100,85
300,100,95
305,20,55
305,20,65
305,40,65
305,40,75
305,40,85
305,40,95
305,60,65
305,60,75
305,60,85
305,60,95
305,80,75
305,80,85
305,80,95
305,100,85
305,100,95
310,40,65
310,40,75
310,40,85
310,40,95
310,60,65
310,60,75
310,60,85
310,60,95
310,80,75
310,80,85
310,80,95
310,100,85
310,100,95
315,40,65
315,40,75
315,40,85
315,40,95
315,60,65
315,60,75
315,60,85
315,60,95
315,80,75
315,80,85
315,80,95
315,100,95
320,40,65
320,40,75
320,40,85
320,40,95
320,60,85
320,60,95
320,80,85
320,80,95
320,100,85
320,100,95
325,40,65
325,40,75
325,40,85
325,40,95
325,60,75
325,60,85
325,60,95
325,80,95
325,100,85
325,100,95
330,40,65
330,40,75
330,40,85
330,40,95
330,60,75
330,60,85
330,60,95
330,80,95
335,40,65
335,40,75
335,40,85
335,40,95
335,60,75
335,60,85
335,60,95
335,80,95
